poema_id,bertscore_openrnn_opus,bertscore_openrnn_ft,bertscore_marianmt_pt,bertscore_marianmt_ft,bertscore_mbart_pt,bertscore_mbart_ft,bertscore_google,bertscore_chatgpt_p1,bertscore_chatgpt_p2,bertscore_maritaca_p1,bertscore_maritaca_p2
1,0.5948046445846558,0.5547611713409424,0.7793210744857788,0.7292607426643372,0.784770131111145,0.7358149290084839,0.8069308400154114,0.8114302158355713,0.8183408975601196,0.8264515995979309,0.9259677529335022
2,0.619763970375061,0.5287448167800903,0.768393874168396,0.7614085078239441,0.7248920798301697,0.7612545490264893,0.7389007210731506,0.7790834307670593,0.7743474245071411,0.7323846817016602,0.7452617287635803
3,0.5654646158218384,0.5908979177474976,0.7353378534317017,0.7275316715240479,0.7932162880897522,0.734589159488678,0.753061830997467,0.7457622289657593,0.7256701588630676,0.7944832444190979,0.7991349101066589
4,0.5775556564331055,0.5910832285881042,0.8348396420478821,0.7875751852989197,0.837317705154419,0.8323274254798889,0.7727687954902649,0.7976306676864624,0.7574819326400757,0.7912007570266724,0.8479886651039124
5,0.5719896554946899,0.592917263507843,0.7652016878128052,0.7763482332229614,0.7601320147514343,0.7834425568580627,0.7856607437133789,0.78104168176651,0.7596602439880371,0.794916033744812,0.8014721870422363
6,0.6106762886047363,0.5768132209777832,0.7588427066802979,0.8377662897109985,0.7647688984870911,0.8175923824310303,0.7910746932029724,0.7711553573608398,0.7706777453422546,0.7756119966506958,0.7733899354934692
7,0.5807927250862122,0.5784612894058228,0.7880129814147949,0.7890636920928955,0.7987441420555115,0.7682297229766846,0.8022162318229675,0.8035439848899841,0.8101179003715515,0.8135199546813965,0.7628399133682251
8,0.6035535335540771,0.5439845323562622,0.7720181345939636,0.7736841440200806,0.7690023183822632,0.7815915942192078,0.7876553535461426,0.7830235362052917,0.7671385407447815,0.7715957760810852,0.7669925689697266
9,0.5361809134483337,0.5564209818840027,0.7702755928039551,0.7861669063568115,0.7598546147346497,0.8008676767349243,0.8056955337524414,0.7806915044784546,0.7659579515457153,0.7704197764396667,0.8036038875579834
10,0.5568390488624573,0.5281067490577698,0.7548949122428894,0.7561956644058228,0.7417200803756714,0.7640776038169861,0.7643359899520874,0.7708263397216797,0.783190131187439,0.7683033347129822,0.7652381658554077
11,0.5743517875671387,0.6103200912475586,0.7807833552360535,0.8106033205986023,0.8052241802215576,0.8243164420127869,0.8445155620574951,0.7967815399169922,0.800390899181366,0.7962210774421692,0.8076932430267334
12,0.6427314281463623,0.5830581188201904,0.7980393767356873,0.7635822892189026,0.8235726952552795,0.7816348671913147,0.8163773417472839,0.8180222511291504,0.8023976683616638,0.8246047496795654,0.8372942209243774
13,0.6211979389190674,0.5799357295036316,0.8148086071014404,0.7957717776298523,0.7962238192558289,0.8333783745765686,0.825729489326477,0.8214750289916992,0.8284749984741211,0.8267155885696411,0.8158866167068481
14,0.6201863288879395,0.5913808345794678,0.7624722719192505,0.7339763045310974,0.7692052125930786,0.7544907331466675,0.8095288872718811,0.7723128199577332,0.7609320282936096,0.8172858357429504,0.8041497468948364
15,0.6204026937484741,0.6058212518692017,0.7906441688537598,0.8277665972709656,0.7601872682571411,0.8412953019142151,0.8154849410057068,0.801720917224884,0.8181126713752747,0.809923529624939,0.8048718571662903
16,0.583848774433136,0.5698699355125427,0.7569590210914612,0.7844463586807251,0.7810449600219727,0.7657516598701477,0.8325867056846619,0.8236321806907654,0.8287085294723511,0.8312004208564758,0.7663986682891846
17,0.5467662215232849,0.5420084595680237,0.817903995513916,0.7056198120117188,0.8096066117286682,0.7228037714958191,0.8400173187255859,0.8403422236442566,0.8196170330047607,0.8214832544326782,0.8378652930259705
18,0.5577730536460876,0.6415950655937195,0.7854785323143005,0.8126469254493713,0.7619655728340149,0.820409893989563,0.8294368982315063,0.8083844780921936,0.8100494146347046,0.7907033562660217,0.9463983178138732
19,0.6452513933181763,0.5724316835403442,0.8311619162559509,0.771237313747406,0.8197643756866455,0.7627570629119873,0.8452454805374146,0.8390088677406311,0.834424614906311,0.8329799771308899,0.9506409168243408
20,0.5728976130485535,0.5699473023414612,0.7755718231201172,0.7859243154525757,0.7828978300094604,0.8006305694580078,0.7928289175033569,0.8005831837654114,0.7994815111160278,0.7951292991638184,0.9761615991592408
21,0.5864289999008179,0.6226239204406738,0.821090042591095,0.7738655209541321,0.7955335378646851,0.7668455243110657,0.8373554944992065,0.8378323912620544,0.7982037663459778,0.8149884343147278,0.9045729041099548
22,0.5586526989936829,0.5557979941368103,0.8151232600212097,0.7797375321388245,0.7984437942504883,0.7838237881660461,0.8506876230239868,0.831479549407959,0.8096380829811096,0.7974543571472168,0.9430984258651732
23,0.5796186923980713,0.5266298651695251,0.8381277322769165,0.7346377968788147,0.8093096017837524,0.8030605912208557,0.8520916104316711,0.8484184741973877,0.8516671657562256,0.8483405709266663,0.9311084151268004
24,0.6192917227745056,0.5668484568595886,0.8044860363006592,0.8205142021179199,0.7877315282821655,0.7917970418930054,0.8613520860671997,0.8234047293663025,0.8351561427116394,0.8247965574264526,0.8150729537010193
25,0.5658579468727112,0.5455430746078491,0.799507737159729,0.7578907012939453,0.7909847497940063,0.7377489805221558,0.8281994462013245,0.810295045375824,0.8025984764099121,0.8061949610710144,0.9246419668197632
26,0.5906272530555725,0.4866526424884796,0.8746904730796814,0.834100604057312,0.7743349075317383,0.8064858913421631,0.827536404132843,0.8276158571243286,0.9004960656166077,0.8262750506401062,0.9096839427947998
27,0.5678809881210327,0.5663782954216003,0.8058038949966431,0.7886837124824524,0.7775253653526306,0.7847488522529602,0.821082353591919,0.821876585483551,0.8120341300964355,0.8157377243041992,0.8207259774208069
28,0.6089949607849121,0.6098361015319824,0.7900195121765137,0.7401189804077148,0.7874518036842346,0.7357839345932007,0.814519464969635,0.7845776081085205,0.7743542790412903,0.8033118844032288,0.8167018890380859
29,0.5954428315162659,0.5687425136566162,0.7544743418693542,0.7911679744720459,0.775505006313324,0.7994425296783447,0.7771673798561096,0.7439467906951904,0.7464360594749451,0.7537453770637512,0.942805290222168
30,0.5560468435287476,0.527708888053894,0.8349417448043823,0.7440411448478699,0.8010557889938354,0.7450503706932068,0.8610358834266663,0.8446961641311646,0.8700014352798462,0.8423736691474915,0.9551854729652404
31,0.5622050166130066,0.5278010368347168,0.8438064455986023,0.8141302466392517,0.8274980783462524,0.8148359060287476,0.8863576054573059,0.8437727689743042,0.8522273302078247,0.8601431250572205,0.868329644203186
32,0.5610705614089966,,0.6999537348747253,,0.7284719944000244,,0.7489627599716187,0.7641602754592896,0.740800678730011,0.7628920078277588,0.7401956915855408
33,0.5615881085395813,,0.7429507374763489,,0.7154294848442078,,0.7517808675765991,0.7541891932487488,0.753372848033905,0.7531511187553406,0.7498944401741028
34,0.5281175374984741,,0.7399154901504517,,0.727266252040863,,0.77205890417099,0.747101902961731,0.741563618183136,0.7605013847351074,0.748298704624176
35,0.5545635223388672,,0.7423654198646545,,0.7371547818183899,,0.7682064175605774,0.7609490752220154,0.7651380300521851,0.7586084008216858,0.7590358853340149
36,0.5465934872627258,,0.7275232672691345,,0.7293916940689087,,0.7517644166946411,0.7606663107872009,0.7561826109886169,0.7679624557495117,0.7698808312416077
37,0.5697735548019409,,0.7495212554931641,,0.7546790838241577,,0.7569186091423035,0.7894008159637451,0.7885109782218933,0.7509921193122864,0.7446808815002441
38,0.5703248977661133,,0.8369500637054443,,0.8235611319541931,,0.8676680326461792,0.8705688714981079,0.8697625398635864,0.8736501336097717,0.8751823306083679
39,0.5736956596374512,,0.7860597372055054,,0.768494188785553,,0.7227208614349365,0.8030216693878174,0.8063833713531494,0.8043444156646729,0.8216345310211182
40,0.5917220115661621,,0.7947396039962769,,0.799980103969574,,0.8524959683418274,0.8295134902000427,0.8342860341072083,0.836645781993866,0.8380942940711975
41,0.5909706950187683,,0.7778773307800293,,0.7832234501838684,,0.8035094738006592,0.8114452958106995,0.8064916133880615,0.8210159540176392,0.8283098936080933
42,0.5905244946479797,,0.7482813000679016,,0.7579758167266846,,0.7067691087722778,0.7590981125831604,0.757855236530304,0.7566302418708801,0.8115156292915344
43,0.616584062576294,,0.8109960556030273,,0.8218495845794678,,0.7491286396980286,0.8458841443061829,0.832736074924469,0.8427545428276062,0.918752372264862
44,0.549050509929657,,0.7465664744377136,,0.7384230494499207,,0.7878237366676331,0.7481868267059326,0.7338658571243286,0.7796019911766052,0.7496355772018433
45,0.5533372759819031,,0.7086545825004578,,0.711275041103363,,0.7295185923576355,0.6991049647331238,0.7013971209526062,0.7034296989440918,0.8842869400978088
46,0.5578852891921997,,0.7752154469490051,,0.7471274137496948,,0.7952393293380737,0.7896702289581299,0.7917419672012329,0.8204129934310913,0.7951064705848694
47,0.577814519405365,,0.7794256210327148,,0.7811170816421509,,0.7960942387580872,0.7781844735145569,0.7765870690345764,0.7951247692108154,0.9592190384864808
48,0.6018663048744202,,0.7999846339225769,,0.8004332780838013,,0.8381687998771667,0.8305473327636719,0.8326852321624756,0.822517454624176,0.8227468132972717
49,0.5375434160232544,,0.7498119473457336,,0.7432385683059692,,0.7712896466255188,0.7731829881668091,0.7810036540031433,0.7714781761169434,0.7790387272834778
50,0.5901147723197937,,0.8454909920692444,,0.8301205039024353,,0.8838335275650024,0.8832314610481262,0.8793472051620483,0.8668549060821533,0.8728380799293518
51,0.5253269076347351,,0.8018526434898376,,0.7877323627471924,,0.829059362411499,0.8312711715698242,0.7964234352111816,0.8374825716018677,0.8641737699508667
52,0.5676204562187195,,0.802405834197998,,0.8221695423126221,,0.8566807508468628,0.8712656497955322,0.8645679950714111,0.8538729548454285,0.9054361581802368
53,0.5408800840377808,,0.8101711273193359,,0.7845713496208191,,0.8436448574066162,0.8368068337440491,0.825853168964386,0.7998793721199036,0.9539729356765748
54,0.5721801519393921,,0.8274896144866943,,0.7470699548721313,,0.8481135964393616,0.8432703614234924,0.8517102003097534,0.8341067433357239,0.8441943526268005
55,0.5896372199058533,,0.7841338515281677,,0.7869789004325867,,0.8166784644126892,0.8089083433151245,0.8066153526306152,0.7637604475021362,0.8956732153892517
56,0.5545121431350708,,0.7719605565071106,,0.7569091320037842,,0.8181443214416504,0.7960712909698486,0.7872893810272217,0.796343207359314,0.929921329021454
57,0.5788680911064148,,0.8319033980369568,,0.8069981336593628,,0.855584979057312,0.8513371348381042,0.8541569709777832,0.8317503333091736,0.8420841097831726
58,0.5903692841529846,,0.8381256461143494,,0.8089614510536194,,0.8633583188056946,0.8598134517669678,0.8499097228050232,0.8121040463447571,0.849049985408783
59,0.6071628332138062,,0.8289873600006104,,0.788134753704071,,0.8584800362586975,0.8517453074455261,0.8749189376831055,0.8258391618728638,0.8140201568603516
60,0.6048383712768555,,0.8301771879196167,,0.8291457891464233,,0.8549750447273254,0.8618898987770081,0.848804771900177,0.8506811857223511,0.9729655385017396
61,0.5620644092559814,,0.8130515217781067,,0.7853119373321533,,0.8500537872314453,0.8389772176742554,0.7686315774917603,0.8266871571540833,0.8274427056312561
62,0.5687907338142395,,0.7910052537918091,,0.8218165636062622,,0.857757031917572,0.8474106192588806,0.860715389251709,0.8578827977180481,0.8270468711853027
63,0.5878224968910217,,0.8085816502571106,,0.8055456280708313,,0.8483445048332214,0.8210378885269165,0.8244064450263977,0.8304250240325928,0.8124245405197144
64,0.562194287776947,,0.8215294480323792,,0.795148491859436,,0.850121021270752,0.8632895350456238,0.8585596084594727,0.8450409173965454,0.8330535888671875
65,0.625119686126709,,0.8934301137924194,,0.8601577877998352,,0.944866418838501,0.9277664422988892,0.9088590741157532,0.9308664202690125,0.8955655097961426
66,0.6052999496459961,,0.793718695640564,,0.8064398169517517,,0.8143007159233093,0.7988053560256958,0.804969310760498,0.8201871514320374,0.8145241737365723
67,0.5663332939147949,,0.7415313720703125,,0.7599948048591614,,0.768667459487915,0.7610204219818115,0.7653260231018066,0.7693881392478943,0.7614372372627258
68,0.5936581492424011,,0.769585132598877,,0.7666736245155334,,0.7837295532226562,0.7584092020988464,0.7721249461174011,0.7778459191322327,0.7833642363548279
69,0.5221563577651978,,0.8040595054626465,,0.785647988319397,,0.8432075381278992,0.8172226548194885,0.8338146209716797,0.7947537302970886,0.820521354675293
70,0.6097649931907654,,0.7968481183052063,,0.8370906114578247,,0.8386282920837402,0.8376208543777466,0.8356310725212097,0.8262898325920105,0.8249096274375916
71,0.6109355688095093,,0.8660780787467957,,0.8590971827507019,,0.8924611806869507,0.9036914110183716,0.8352303504943848,0.8697350025177002,0.8120846152305603
72,0.5629677176475525,,0.8099067211151123,,0.7897871732711792,,0.8364763855934143,0.8315771222114563,0.8296048641204834,0.8455064296722412,0.8425537943840027
73,0.547103226184845,,0.804531455039978,,0.77102130651474,,0.8158479332923889,0.7990081906318665,0.797699511051178,0.8112179636955261,0.814444363117218
74,0.5440429449081421,,0.8218173384666443,,0.7850237488746643,,0.8412001132965088,0.819978654384613,0.823544442653656,0.815765380859375,0.9140723943710328
75,0.5836651921272278,,0.8298996090888977,,0.8019745349884033,,0.8397514820098877,0.8469133377075195,0.8260353803634644,0.8417825102806091,0.8693763613700867
76,0.5613533854484558,,0.7827340364456177,,0.7706626057624817,,0.7918298840522766,0.7673227787017822,0.7823525071144104,0.8029152750968933,0.8024394512176514
77,0.5518779158592224,,0.7839983105659485,,0.7780731916427612,,0.81596440076828,0.8084283471107483,0.805672824382782,0.8112305402755737,0.9227935671806335
78,0.5653864741325378,,0.7791645526885986,,0.7587658762931824,,0.7920979261398315,0.7663218379020691,0.7730866074562073,0.7633468508720398,0.9268309473991394
79,0.5268366932868958,,0.7696049213409424,,0.7610049843788147,,0.8301462531089783,0.8297202587127686,0.820303738117218,0.8349116444587708,0.8320290446281433
80,0.5391932129859924,,0.8120396137237549,,0.781734049320221,,0.8593959808349609,0.8286913633346558,0.840748131275177,0.8297304511070251,0.8301796317100525
81,0.5417144894599915,,0.7551562190055847,,0.7573117017745972,,0.8135547041893005,0.8113048076629639,0.7666834592819214,0.7819566130638123,0.9613860249519348
82,0.5654405951499939,,0.8149241209030151,,0.8170740008354187,,0.8472148180007935,0.8236916661262512,0.8566422462463379,0.8502333164215088,0.8463310599327087
83,0.5893639922142029,,0.833599865436554,,0.8297713994979858,,0.8669921159744263,0.8537653684616089,0.8530637621879578,0.8614696264266968,0.8623083829879761
84,0.5705508589744568,,0.7928182482719421,,0.7746918797492981,,0.812373161315918,0.8122074007987976,0.8087741136550903,0.8194646835327148,0.9731830954551696
85,0.5659629702568054,,0.7776449918746948,,0.7621873021125793,,0.7779684066772461,0.788837194442749,0.7858307957649231,0.792984127998352,0.7895362377166748
86,0.5400803685188293,,0.7704756259918213,,0.7549934387207031,,0.8040302991867065,0.7999439835548401,0.8008853793144226,0.8032629489898682,0.7975087761878967
87,0.5645542144775391,,0.811764121055603,,0.7669789791107178,,0.8410326838493347,0.8149455189704895,0.812112033367157,0.8234645128250122,0.833580732345581
88,0.5403623580932617,,0.7877703905105591,,0.7317807674407959,,0.8199650645256042,0.7522937059402466,0.7585728168487549,0.7581480145454407,0.9583904147148132
89,0.6014925837516785,,0.796044111251831,,0.7741698622703552,,0.8288615942001343,0.8220359086990356,0.8202186226844788,0.8091500997543335,0.824232816696167
90,0.5350698828697205,,0.7892662286758423,,0.7758728861808777,,0.8214080333709717,0.8330574631690979,0.8262146711349487,0.8362429141998291,0.8231480717658997
91,0.5487984418869019,,0.7955055832862854,,0.7854943871498108,,0.8498889207839966,0.8589839339256287,0.8342198133468628,0.8171783089637756,0.8292787075042725
92,0.5693143606185913,,0.7447710633277893,,0.7264648675918579,,0.7592963576316833,0.7483338713645935,0.7537093758583069,0.7563729286193848,0.7528324723243713
93,0.5607091188430786,,0.7513336539268494,,0.7585042715072632,,0.7815022468566895,0.7587817311286926,0.7722778916358948,0.7603431940078735,0.7893484830856323
94,0.5694376230239868,,0.8067730069160461,,0.8588107824325562,,0.9057730436325072,0.8135688900947571,0.7886602282524109,0.8096245527267456,0.7204365730285645
95,0.5983116030693054,,0.7763170003890991,,0.788787305355072,,0.806433916091919,0.7861381769180298,0.7918403744697571,0.7900918126106262,0.7929102778434753
96,0.5753458142280579,,0.7298975586891174,,0.7449031472206116,,0.7970368266105652,0.7757008671760559,0.7782353162765503,0.7879425287246704,0.7839006781578064
97,0.5664438009262085,,0.7411928176879883,,0.759807288646698,,0.7792620062828064,0.7626309394836426,0.7681583166122437,0.7787240743637085,0.7897775769233704
98,0.5702401399612427,,0.7566960453987122,,0.7500497102737427,,0.7885056138038635,0.7868130207061768,0.7414427995681763,0.7724354267120361,0.7693122625350952
99,0.601542055606842,,0.7871396541595459,,0.7761005163192749,,0.808085560798645,0.7627519965171814,0.7579035758972168,0.7750981450080872,0.7607327103614807
100,0.6176555752754211,,0.7722159624099731,,0.7779269218444824,,0.8252226114273071,0.7798572182655334,0.7817291617393494,0.7779778242111206,0.7596400380134583
101,0.5915077924728394,,0.769175112247467,,0.7642881274223328,,0.7939570546150208,0.7659733295440674,0.7683652639389038,0.7875677347183228,0.7888317704200745
102,0.5805288553237915,,0.7724548578262329,,0.7688760757446289,,0.8056830167770386,0.8066941499710083,0.7660138010978699,0.8016600608825684,0.8060621619224548
103,0.5852571725845337,,0.7658085227012634,,0.7570341229438782,,0.7934208512306213,0.7622038125991821,0.75758957862854,0.7588303685188293,0.7903410792350769
104,0.5854452848434448,,0.7834416627883911,,0.7727831602096558,,0.789306640625,0.7766241431236267,0.7910072207450867,0.7916167974472046,0.7898890376091003
105,0.56259685754776,,0.753504753112793,,0.7366493940353394,,0.77142733335495,0.7379788160324097,0.754903256893158,0.7383310198783875,0.7479419112205505
106,0.5657313466072083,,0.746953010559082,,0.7538338303565979,,0.777691662311554,0.7474159002304077,0.752884566783905,0.752255916595459,0.774122953414917
107,0.583135187625885,,0.7374957203865051,,0.7540454864501953,,0.7825831174850464,0.7487367391586304,0.7435455322265625,0.7767069935798645,0.7808180451393127
108,0.5908508896827698,,0.7701716423034668,,0.7572537064552307,,0.7904552221298218,0.7879216074943542,0.7715917229652405,0.7693117260932922,0.7827762961387634
109,0.5742339491844177,,0.751639187335968,,0.744307279586792,,0.7744278907775879,0.7419093251228333,0.7497397661209106,0.7579733729362488,0.7681604027748108
110,0.6023297905921936,,0.7863369584083557,,0.7717704772949219,,0.7966263294219971,0.7862297296524048,0.7804794311523438,0.7800114154815674,0.802818775177002
111,0.6367020606994629,,0.8427157998085022,,0.8158890008926392,,0.8752050995826721,0.8675903677940369,0.857323944568634,0.830700695514679,0.8508564829826355
112,0.576300859451294,,0.7846922874450684,,0.7789186239242554,,0.8340305685997009,0.8302106261253357,0.7992533445358276,0.8173935413360596,0.818332314491272
113,0.5865561366081238,,0.7643476724624634,,0.7705022692680359,,0.8005803227424622,0.7939300537109375,0.806242823600769,0.7899515628814697,0.7940473556518555
114,0.5882630348205566,,0.767618715763092,,0.7626198530197144,,0.8357062339782715,0.7994375228881836,0.8223841190338135,0.8083155155181885,0.8012340068817139
115,0.56802898645401,,0.7823801040649414,,0.7640523910522461,,0.8304210901260376,0.8180304169654846,0.801043689250946,0.8220298886299133,0.8250988721847534
116,0.588488757610321,,0.8127502202987671,,0.8121664524078369,,0.8365010023117065,0.8477824926376343,0.8259742259979248,0.8364275693893433,0.8337579369544983
117,0.7125794887542725,,0.8190391659736633,,0.8666868209838867,,0.8127899169921875,0.7935667634010315,0.8118874430656433,0.8818071484565735,0.8243539333343506
118,0.6487513780593872,,0.7960503697395325,,0.778572678565979,,0.7500001788139343,0.8261843323707581,0.864036500453949,0.8687710165977478,0.860262930393219
119,0.6274911761283875,,0.8109975457191467,,0.8216993808746338,,0.721244215965271,0.8545880317687988,0.8488839864730835,0.8571770787239075,0.8567952513694763
120,0.5353233218193054,,0.7598114013671875,,0.7514533996582031,,0.7790567874908447,0.7585906982421875,0.751936674118042,0.7732290029525757,0.7735531330108643
121,0.5711831450462341,,0.7526960968971252,,0.7594545483589172,,0.7767785787582397,0.7561701536178589,0.7579233646392822,0.7668711543083191,0.7736121416091919
122,0.6174766421318054,,0.8201990127563477,,0.7813172340393066,,0.8573859930038452,0.8390263319015503,0.8508479595184326,0.8366432785987854,0.8312692642211914
123,0.5762218236923218,,0.8200809359550476,,0.7888440489768982,,0.8512496948242188,0.8371387124061584,0.8496113419532776,0.8385136127471924,0.8332547545433044
124,0.5653467178344727,,0.8285384178161621,,0.8086401224136353,,0.8692317605018616,0.8590651750564575,0.8384039402008057,0.8256567120552063,0.8567715883255005
125,0.5722657442092896,,0.7773266434669495,,0.8028947710990906,,0.8266872763633728,0.8127796053886414,0.8118425607681274,0.8269669413566589,0.8298708200454712
126,0.5859636068344116,,0.8062052130699158,,0.793279767036438,,0.8650738596916199,0.8361102342605591,0.8179823160171509,0.8426671028137207,0.8291071057319641
127,0.5739628076553345,,0.8182854056358337,,0.7972026467323303,,0.8422329425811768,0.8025040030479431,0.802661120891571,0.8601426482200623,0.8995364308357239
128,0.576656699180603,,0.8379356861114502,,0.7969077825546265,,0.8942080736160278,0.8635786175727844,0.855656623840332,0.8592323660850525,0.8138249516487122
129,0.579037070274353,,0.8071457147598267,,0.7886877655982971,,0.8088306188583374,0.8401764631271362,0.8345156908035278,0.8282604813575745,0.790196418762207
130,0.5618612170219421,,0.8206653594970703,,0.8242014050483704,,0.8612964153289795,0.8483598828315735,0.8481526970863342,0.8548918962478638,0.8586551547050476
131,0.5563439130783081,,0.7459716796875,,0.7231849431991577,,0.8222045302391052,0.7895419597625732,0.7895497679710388,0.7873451113700867,0.7818208336830139
132,0.5809668302536011,,0.7896599173545837,,0.8297125697135925,,0.8861059546470642,0.8652739524841309,0.8671590089797974,0.848434329032898,0.8548521399497986
133,0.621248722076416,,0.8111802339553833,,0.7929041385650635,,0.8360262513160706,0.8117519021034241,0.7988278865814209,0.8077719807624817,0.831329345703125
134,0.5572304725646973,,0.8080852031707764,,0.8104140758514404,,0.8576740026473999,0.819937527179718,0.8329307436943054,0.8358794450759888,0.8439475893974304
135,0.5700454711914062,,0.8245015144348145,,0.8058952689170837,,0.8568571209907532,0.8500769138336182,0.8493402600288391,0.8556489944458008,0.8143541812896729
136,0.5554556250572205,,0.8259281516075134,,0.8166505694389343,,0.8764273524284363,0.8866826891899109,0.8808214068412781,0.8656017780303955,0.8683803677558899
137,0.5414097309112549,,0.8288275599479675,,0.8223459124565125,,0.8666530251502991,0.8803346157073975,0.8791062831878662,0.8689453601837158,0.8593507409095764
138,0.5552492737770081,,0.8109808564186096,,0.8050074577331543,,0.8387812376022339,0.8347219824790955,0.8322149515151978,0.8345445394515991,0.8226476311683655
139,0.5717465877532959,,0.7749569416046143,,0.7661599516868591,,0.8067215085029602,0.7933576107025146,0.7967008948326111,0.8031711578369141,0.796285092830658
140,0.519953727722168,,0.7731334567070007,,0.7663196921348572,,0.8221261501312256,0.8000482320785522,0.8088215589523315,0.7895054817199707,0.8098982572555542
141,0.5146207213401794,,0.7686783671379089,,0.7487685680389404,,0.7543277144432068,0.7931068539619446,0.7755252718925476,0.801069974899292,0.8084321618080139
142,0.5646896958351135,,0.7749786972999573,,0.783535897731781,,0.8022584319114685,0.8024810552597046,0.7911468744277954,0.7991416454315186,0.8005083799362183
143,0.5835455060005188,,0.740462064743042,,0.7644658088684082,,0.82585209608078,0.8015763759613037,0.7686685919761658,0.8041958808898926,0.7756409049034119
144,0.5356034636497498,,0.7794528007507324,,0.7569087147712708,,0.8086833357810974,0.7848128080368042,0.8033674359321594,0.7809734344482422,0.7779889702796936
145,0.6190168261528015,,0.8537970781326294,,0.8253833055496216,,0.8712728023529053,0.8740717172622681,0.8722172975540161,0.8440433144569397,0.8616081476211548
146,0.5836917161941528,,0.8242324590682983,,0.8121845126152039,,0.87116938829422,0.8475921154022217,0.8506168127059937,0.8484652638435364,0.8463075160980225
147,0.5668476819992065,,0.819715678691864,,0.8013153076171875,,0.8465397953987122,0.847541332244873,0.8482245206832886,0.852857768535614,0.8240041732788086
148,0.5690018534660339,,0.8113698363304138,,0.813149094581604,,0.8567396998405457,0.8221139311790466,0.819643497467041,0.8473898768424988,0.83851557970047
149,0.567729651927948,,0.7676676511764526,,0.7682260870933533,,0.8005614280700684,0.7983220219612122,0.7957412004470825,0.7726153135299683,0.7691379189491272
150,0.5162559151649475,,0.7492488026618958,,0.7808190584182739,,0.8233254551887512,0.8004183769226074,0.8298541307449341,0.8351033926010132,0.7764888405799866
151,0.5844936370849609,,0.8202416896820068,,0.8053011894226074,,0.8517828583717346,0.8547018766403198,0.8060506582260132,0.8549450635910034,0.8438107967376709
152,0.5239071846008301,,0.8103399276733398,,0.821969747543335,,0.8617293834686279,0.8550002574920654,0.8611738681793213,0.8323010802268982,0.8216128945350647
153,0.5631172060966492,,0.8314411640167236,,0.8170735836029053,,0.8467279672622681,0.8399941325187683,0.8491727113723755,0.8529723882675171,0.8581292033195496
154,0.561246931552887,,0.8621318340301514,,0.8251098990440369,,0.8970516324043274,0.8855958580970764,0.8802505731582642,0.8806123733520508,0.8736715912818909
155,0.5712605714797974,,0.8301933407783508,,0.8304703831672668,,0.8735329508781433,0.8581118583679199,0.815195620059967,0.8443892598152161,0.8520108461380005
156,0.5318030714988708,,0.8159562945365906,,0.811020016670227,,0.8472883701324463,0.8633064031600952,0.8426607251167297,0.8437333703041077,0.8416955471038818
157,0.5516049861907959,,0.7826449871063232,,0.7710242867469788,,0.8227200508117676,0.814008355140686,0.8149741888046265,0.817213773727417,0.817068874835968
158,0.6193456053733826,,0.8710874319076538,,0.8565319776535034,,0.8909513354301453,0.8758079409599304,0.8704054355621338,0.9074425101280212,0.8547384738922119
159,0.5368925333023071,,0.8377280235290527,,0.8180635571479797,,0.86871737241745,0.8699781894683838,0.8527640700340271,0.8641937375068665,0.8554575443267822
160,0.5693567991256714,,0.8135015964508057,,0.8131341934204102,,0.8386070132255554,0.8252618312835693,0.8216875791549683,0.8046906590461731,0.8170017004013062
161,0.5418580770492554,,0.8547013401985168,,0.8116158246994019,,0.8721932172775269,0.8803212642669678,0.8531131744384766,0.8689550757408142,0.8681379556655884
162,0.5588896870613098,,0.7657586336135864,,0.7322946786880493,,0.777103066444397,0.7571001648902893,0.7301952838897705,0.7589097619056702,0.7449797987937927
163,0.583834171295166,,0.721756100654602,,0.7207345366477966,,0.7371283769607544,0.7388482093811035,0.7256799936294556,0.7417007088661194,0.7522813081741333
164,0.555145263671875,,0.7776535153388977,,0.7767658829689026,,0.8223803639411926,0.8186380863189697,0.8107641339302063,0.8240769505500793,0.8187552690505981
165,0.5519737601280212,,0.6313380002975464,,0.7102019786834717,,0.7351861596107483,0.7296857833862305,0.7327181100845337,0.7206617593765259,0.7287713289260864
166,0.549665093421936,,0.7061651945114136,,0.7281623482704163,,0.7663311958312988,0.7535620927810669,0.7620971202850342,0.7690408229827881,0.7745890021324158
167,0.5100634098052979,,0.7259063124656677,,0.735560417175293,,0.7260897755622864,0.7137575745582581,0.6942172050476074,0.730785608291626,0.7187799215316772
168,0.5507654547691345,,0.7175467610359192,,0.7230260968208313,,0.7337723970413208,0.7312401533126831,0.7310097813606262,0.7371464371681213,0.7458617687225342
169,0.560549795627594,,0.7375519275665283,,0.739310085773468,,0.754075825214386,0.7561869621276855,0.7546575665473938,0.7523340582847595,0.7603378295898438
170,0.5536187887191772,,0.751329243183136,,0.7289682626724243,,0.7439521551132202,0.7238742113113403,0.7359071373939514,0.7429222464561462,0.7138254642486572
171,0.5651282668113708,,0.6902548670768738,,0.6954420804977417,,0.7057765126228333,0.6960100531578064,0.6941267251968384,0.6960136890411377,0.6975895166397095
172,0.588979184627533,,0.7114390730857849,,0.7218980193138123,,0.7298469543457031,0.7203876972198486,0.7093923687934875,0.7207413911819458,0.7156721353530884
173,0.5200225114822388,,0.7136828899383545,,0.707301914691925,,0.7155251502990723,0.7344465255737305,0.7191184759140015,0.7179425358772278,0.7194526791572571
174,0.5621082186698914,,0.7530108094215393,,0.7406582236289978,,0.7730817794799805,0.7788302898406982,0.7773984670639038,0.7773565053939819,0.7944008708000183
175,0.5712372660636902,,0.7510956525802612,,0.7498895525932312,,0.777313232421875,0.7760991454124451,0.7836347818374634,0.7628262639045715,0.7841981649398804
176,0.5958627462387085,,0.7603085041046143,,0.7569720149040222,,0.781724750995636,0.772994339466095,0.7624727487564087,0.7833238244056702,0.7771674394607544
177,0.5603002905845642,,0.720028817653656,,0.7124360203742981,,0.7405063509941101,0.7451685667037964,0.716102659702301,0.7307127714157104,0.7178733348846436
178,0.5654049515724182,,0.7161449193954468,,0.7253252267837524,,0.746847927570343,0.7279348969459534,0.7323718070983887,0.7449929118156433,0.7466439008712769
179,0.5464223623275757,,0.711987316608429,,0.7280523180961609,,0.7471106648445129,0.7219145894050598,0.7324089407920837,0.7356681227684021,0.7480332255363464
180,0.5264780521392822,,0.7088325619697571,,0.7243295311927795,,0.7328556180000305,0.7057580947875977,0.7270573973655701,0.709380567073822,0.7124882936477661
181,0.5842171311378479,,0.7396577596664429,,0.7432190775871277,,0.736243724822998,0.7268692851066589,0.7382712364196777,0.7489604353904724,0.754558265209198
182,0.5476323962211609,,0.7274031639099121,,0.7304456830024719,,0.7645167112350464,0.7607774138450623,0.7489917278289795,0.771394670009613,0.7485805749893188
183,0.5460496544837952,,0.7568076252937317,,0.7498698830604553,,0.773676872253418,0.7622137665748596,0.7487102746963501,0.7628880143165588,0.7694710493087769
184,0.5447877645492554,,0.7569206357002258,,0.727455198764801,,0.741923987865448,0.7656059861183167,0.7695559859275818,0.750145435333252,0.7493007779121399
185,0.5814028978347778,,0.7405192255973816,,0.7367833256721497,,0.7428624033927917,0.7623948454856873,0.725551962852478,0.750031054019928,0.7708466649055481
186,0.561285138130188,,0.7430877089500427,,0.7265793681144714,,0.7420909404754639,0.7197439074516296,0.7426551580429077,0.7257506847381592,0.7291359901428223
187,0.5865145921707153,,0.7395956516265869,,0.7412896752357483,,0.759282112121582,0.7604953050613403,0.7451279163360596,0.7401156425476074,0.7417805790901184
188,0.5464615225791931,,0.721368670463562,,0.6924732327461243,,0.7310848832130432,0.7108471989631653,0.7201613783836365,0.707656979560852,0.7150939106941223
189,0.5554541945457458,,0.7094123959541321,,0.7253412008285522,,0.7278802394866943,0.7406476140022278,0.7437140345573425,0.7214817404747009,0.7338047623634338
190,0.5407455563545227,,0.7189520001411438,,0.732866644859314,,0.7628660202026367,0.74996417760849,0.7501147985458374,0.726872444152832,0.7506788372993469
191,0.5760343074798584,,0.747295081615448,,0.7596275210380554,,0.7939242720603943,0.7761170268058777,0.7809644937515259,0.7868583798408508,0.7958640456199646
192,0.5445803999900818,,0.7331128120422363,,0.7369819283485413,,0.7454294562339783,0.7284985780715942,0.7281945943832397,0.7237392663955688,0.7324801087379456
193,0.5273417234420776,,0.7404603362083435,,0.7338178753852844,,0.7543237805366516,0.7529326677322388,0.7637973427772522,0.7739217877388,0.7734875679016113
194,0.5781149864196777,,0.7375398278236389,,0.7320951819419861,,0.7399566769599915,0.7348772287368774,0.7621644735336304,0.7324203848838806,0.7692817449569702
195,0.5452636480331421,,0.7527525424957275,,0.7308117747306824,,0.7514398694038391,0.7388210892677307,0.751492977142334,0.7289540767669678,0.7390041947364807
196,0.6078589558601379,,0.7640966176986694,,0.7570945024490356,,0.778618335723877,0.7870043516159058,0.7850088477134705,0.7818572521209717,0.7945361733436584
197,0.5523018836975098,,0.7536632418632507,,0.7315695285797119,,0.7697280049324036,0.7443495988845825,0.7690727114677429,0.7721479535102844,0.7815144658088684
198,0.5816293954849243,,0.7214117050170898,,0.7005153894424438,,0.7184823751449585,0.6946519017219543,0.7124610543251038,0.7154439687728882,0.7242380380630493
199,0.567173421382904,,0.7320855855941772,,0.7248607277870178,,0.7330865859985352,0.7322554588317871,0.7266413569450378,0.7310453057289124,0.755993127822876
200,0.5440195798873901,,0.730485200881958,,0.7289260625839233,,0.7455093860626221,0.7074504494667053,0.749007523059845,0.7040014863014221,0.7297667264938354
201,0.5215833187103271,,0.7478194832801819,,0.7258291244506836,,0.7698351144790649,0.7518672943115234,0.7637618780136108,0.7634740471839905,0.7484854459762573
202,0.5634898543357849,,0.7438628077507019,,0.7548916935920715,,0.7448903918266296,0.731143593788147,0.7334229350090027,0.7374306321144104,0.7639023065567017
203,0.5671473741531372,,0.7315070033073425,,0.727100133895874,,0.7512706518173218,0.7481065988540649,0.7403790950775146,0.7243189811706543,0.7389150261878967
204,0.5569452047348022,,0.7502406239509583,,0.7414001822471619,,0.7449275851249695,0.7182470560073853,0.7340870499610901,0.736779510974884,0.7746444344520569
205,0.5823642015457153,,0.7396221160888672,,0.7183838486671448,,0.7624438405036926,0.7532282471656799,0.7429982423782349,0.755465030670166,0.7625589966773987
206,0.5924043655395508,,0.7353847622871399,,0.7301141619682312,,0.7561435699462891,0.7452400326728821,0.7592201232910156,0.7334192991256714,0.7554199695587158
207,0.5739688277244568,,0.7080316543579102,,0.7034738659858704,,0.7293573021888733,0.712052583694458,0.7159249782562256,0.7339089512825012,0.7209121584892273
208,0.6318443417549133,,0.7384626269340515,,0.7265095710754395,,0.7698671817779541,0.7441559433937073,0.743094265460968,0.7461188435554504,0.7652999758720398
209,0.5721310973167419,,0.7228630185127258,,0.718992292881012,,0.7429714202880859,0.7235164642333984,0.7381039261817932,0.7424868941307068,0.7336233854293823
210,0.5572476387023926,,0.7217310667037964,,0.7106592655181885,,0.7212541103363037,0.7155405282974243,0.7213405966758728,0.7328380346298218,0.7284604907035828
211,0.5968407392501831,,0.7281156182289124,,0.7403498291969299,,0.7649768590927124,0.763542115688324,0.753194272518158,0.7612025737762451,0.7443333268165588
212,0.5766459107398987,,0.7712023854255676,,0.7574381828308105,,0.7893507480621338,0.7761623859405518,0.7758500576019287,0.7876407504081726,0.7678581476211548
213,0.5809662938117981,,0.7438437938690186,,0.7271105647087097,,0.7584108710289001,0.7611759901046753,0.7532624006271362,0.7563668489456177,0.7844878435134888
214,0.5509423017501831,,0.796207070350647,,0.7670975923538208,,0.8030797243118286,0.7991074919700623,0.8023343086242676,0.7957763075828552,0.8012740612030029
215,0.5281422138214111,,0.7425359487533569,,0.7050662636756897,,0.7656940221786499,0.7750920057296753,0.7492856979370117,0.7645583152770996,0.7657306790351868
216,0.5671824216842651,,0.7571689486503601,,0.7321679592132568,,0.7781345248222351,0.7710418701171875,0.7323139905929565,0.7613836526870728,0.7620797157287598
217,0.5836928486824036,,0.7593698501586914,,0.7585145831108093,,0.8088022470474243,0.7888501286506653,0.7883932590484619,0.810981035232544,0.7838937640190125
218,0.6000104546546936,,0.7886046171188354,,0.7883448600769043,,0.8109731674194336,0.7833425402641296,0.7495922446250916,0.7898576259613037,0.7723300457000732
219,0.615476131439209,,0.7865944504737854,,0.747296154499054,,0.7668627500534058,0.7883469462394714,0.7716901898384094,0.8096939921379089,0.8008463978767395
220,0.6241081953048706,,0.7919886112213135,,0.7896728515625,,0.8146372437477112,0.7960755825042725,0.8067683577537537,0.8210124373435974,0.8239369988441467
221,0.5993477702140808,,0.8343164324760437,,0.8072630167007446,,0.8473898768424988,0.829774022102356,0.8473893404006958,0.8420966863632202,0.8473362922668457
222,0.5773624777793884,,0.7798357605934143,,0.7600045204162598,,0.8089466691017151,0.7987534403800964,0.7980791330337524,0.7889121770858765,0.8033818006515503
223,0.5422551035881042,,0.7949610948562622,,0.7706308364868164,,0.8091939687728882,0.8110517263412476,0.7991383671760559,0.8055157661437988,0.8173704743385315
224,0.5617647767066956,,0.7917189002037048,,0.7687245607376099,,0.8164512515068054,0.8085206151008606,0.778921365737915,0.8106673359870911,0.8039621710777283
225,0.5679913759231567,,0.724395751953125,,0.733519434928894,,0.7628262639045715,0.7699487209320068,0.7704910039901733,0.7666205763816833,0.7905397415161133
226,0.5623564720153809,,0.7726255059242249,,0.7840656042098999,,0.7995585203170776,0.7785276174545288,0.7861484885215759,0.7740374803543091,0.802725613117218
227,0.5279157757759094,,0.7750005722045898,,0.8151078224182129,,0.8425728678703308,0.8358692526817322,0.7773002982139587,0.8185985088348389,0.8278040885925293
228,0.6013721227645874,,0.7846489548683167,,0.7886759638786316,,0.8146878480911255,0.80311518907547,0.8071615695953369,0.8235690593719482,0.7971959114074707
229,0.5812464356422424,,0.7849973440170288,,0.7846148014068604,,0.8155191540718079,0.8094120621681213,0.8037067651748657,0.8166906237602234,0.8232756853103638
230,0.56170254945755,,0.7617504000663757,,0.7338390350341797,,0.8063691854476929,0.800349771976471,0.8215165734291077,0.7532544732093811,0.7711613178253174
231,0.6549223065376282,,0.7906090617179871,,0.7602219581604004,,0.8015955686569214,0.8131994009017944,0.8096352219581604,0.8361743688583374,0.8117930293083191
232,0.5650373697280884,,0.7291993498802185,,0.7367337346076965,,0.819754421710968,0.7982948422431946,0.7391583919525146,0.8096317052841187,0.8213940262794495
233,0.6584301590919495,,0.8264350891113281,,0.8147622346878052,,0.8461183905601501,0.845136821269989,0.8482457399368286,0.8425228595733643,0.8301108479499817
234,0.5471906065940857,,0.7366669774055481,,0.7394374012947083,,0.7619306445121765,0.7671903967857361,0.7625288367271423,0.7683082818984985,0.7616986036300659
235,0.5807014107704163,,0.764515221118927,,0.7620648145675659,,0.7985022068023682,0.7748072147369385,0.769983172416687,0.7840100526809692,0.7776402831077576
236,0.6051435470581055,,0.7916139960289001,,0.7861713767051697,,0.8440812230110168,0.8497640490531921,0.8587725162506104,0.8457823991775513,0.8438189625740051
237,0.5911479592323303,,0.7870731949806213,,0.7313355207443237,,0.7649624943733215,0.7617987394332886,0.7645444869995117,0.7620811462402344,0.7652410268783569
238,0.5599172711372375,,0.7425927519798279,,0.7788618803024292,,0.7421057820320129,0.8003401160240173,0.7331784963607788,0.7870155572891235,0.7779886722564697
239,0.5555174946784973,,0.8056593537330627,,0.7801513075828552,,0.8290722370147705,0.8062830567359924,0.7868080139160156,0.8018760681152344,0.8097278475761414
240,0.6220605969429016,,0.8203830122947693,,0.8161741495132446,,0.8377171158790588,0.842446506023407,0.8391865491867065,0.8509790301322937,0.7307524085044861
241,0.5622410774230957,,0.7750114798545837,,0.7765111923217773,,0.8097204566001892,0.7958886623382568,0.7895631790161133,0.7752199172973633,0.796232283115387
242,0.6167478561401367,,0.7627680897712708,,0.7649374008178711,,0.8079166412353516,0.7751356959342957,0.7962328791618347,0.7454040050506592,0.790515661239624
243,0.5510094165802002,,0.7869575619697571,,0.7471734285354614,,0.8207926154136658,0.8336750268936157,0.8154126405715942,0.8155310750007629,0.8041214942932129
244,0.606701672077179,,0.7712594866752625,,0.7756021618843079,,0.7862926125526428,0.799462616443634,0.8008330464363098,0.7815017700195312,0.8085504174232483
245,0.5869776606559753,,0.792628288269043,,0.7840660214424133,,0.8088841438293457,0.8076069355010986,0.8143436908721924,0.8144577741622925,0.7924169301986694
246,0.5889065861701965,,0.7810091376304626,,0.7145880460739136,,0.761367917060852,0.7795199155807495,0.7352297306060791,0.791698694229126,0.7625459432601929
247,0.552137553691864,,0.7458149194717407,,0.7247939109802246,,0.7776481509208679,0.7502408623695374,0.7127008438110352,0.7650073170661926,0.7897927165031433
248,0.5715557336807251,,0.7996408343315125,,0.7933303117752075,,0.8244587779045105,0.8205377459526062,0.8045334219932556,0.8140736222267151,0.8016710877418518
249,0.5801190137863159,,0.7536220550537109,,0.7893868684768677,,0.7849524021148682,0.8081665635108948,0.790677011013031,0.7780026793479919,0.7887715101242065
250,0.5477581024169922,,0.8122194409370422,,0.7899475693702698,,0.8328327536582947,0.8307626843452454,0.8283917903900146,0.8532305359840393,0.8304492831230164
251,0.6010603904724121,,0.8008012771606445,,0.7943893671035767,,0.837897002696991,0.8137957453727722,0.8216951489448547,0.8323910236358643,0.8362076282501221
252,0.6399194598197937,,0.7886832356452942,,0.7703284025192261,,0.8530817031860352,0.8090373277664185,0.8445149064064026,0.8281324505805969,0.8208138346672058
253,0.562987208366394,,0.7914332151412964,,0.7907530069351196,,0.8186067938804626,0.8011273145675659,0.8097764253616333,0.8097440004348755,0.7892568111419678
254,0.6790509819984436,,0.8706240653991699,,0.8528249263763428,,0.8763141632080078,0.8712269067764282,0.8527259826660156,0.8864952921867371,0.8824913501739502
255,0.5572859048843384,,0.8059839010238647,,0.8117521405220032,,0.82023024559021,0.800171434879303,0.8161913156509399,0.8027426600456238,0.7971810102462769
256,0.6185285449028015,,0.8168199062347412,,0.7904962301254272,,0.8658958077430725,0.8438007831573486,0.8376579880714417,0.821752667427063,0.8473621010780334
257,0.568770170211792,,0.7901654839515686,,0.7627217173576355,,0.825616180896759,0.79063880443573,0.8174495100975037,0.8258575797080994,0.8218985199928284
258,0.557136595249176,,0.8080998659133911,,0.8008381724357605,,0.8247566819190979,0.8217903971672058,0.798866868019104,0.8220259547233582,0.8390265107154846
259,0.5924803018569946,,0.805620014667511,,0.7898661494255066,,0.8472388982772827,0.804009735584259,0.8129165172576904,0.8218884468078613,0.7774117588996887
260,0.6204991936683655,,0.7991473078727722,,0.7602981925010681,,0.7867105603218079,0.8379144072532654,0.8114532232284546,0.8291700482368469,0.8308269381523132
261,0.639109194278717,,0.8120328187942505,,0.8168599009513855,,0.856035053730011,0.8524553775787354,0.8359039425849915,0.8103036880493164,0.8180047869682312
262,0.5862592458724976,,0.7813751697540283,,0.7630903124809265,,0.781290590763092,0.7811781167984009,0.7766819000244141,0.7765999436378479,0.787661075592041
263,0.5786070227622986,,0.8139550685882568,,0.728537380695343,,0.8353609442710876,0.7977327108383179,0.7862601280212402,0.8326899409294128,0.8504360914230347
264,0.5602732300758362,,0.8209681510925293,,0.7778854966163635,,0.8355053067207336,0.8318636417388916,0.8287457823753357,0.8339031338691711,0.8220174908638
265,0.5623912811279297,,0.8144183158874512,,0.8194464445114136,,0.8417016267776489,0.8326799869537354,0.8339983820915222,0.8347269296646118,0.8407779335975647
266,0.6564035415649414,,0.7885860204696655,,0.7882661819458008,,0.8122040629386902,0.8078244924545288,0.8027979731559753,0.8166261911392212,0.781575083732605
267,0.5836985111236572,,0.7673161625862122,,0.7733416557312012,,0.8371446132659912,0.8334832787513733,0.7974181175231934,0.8427908420562744,0.8512722849845886
268,0.5517619848251343,,0.7978692054748535,,0.7683927416801453,,0.8302332758903503,0.8171910643577576,0.815999448299408,0.8243321180343628,0.8193396329879761
269,0.6233533024787903,,0.7725024819374084,,0.7822343707084656,,0.8287931680679321,0.8315041065216064,0.7942382097244263,0.8233214616775513,0.8350476026535034
270,0.6282114386558533,,0.7972157001495361,,0.7757588028907776,,0.8032453656196594,0.8086340427398682,0.803415060043335,0.8025062680244446,0.8086637854576111
271,0.5720599889755249,,0.8265028595924377,,0.8047962784767151,,0.847740888595581,0.829087495803833,0.7962160110473633,0.8494371175765991,0.8233968019485474
272,0.614284098148346,,0.8022527098655701,,0.7906678915023804,,0.8211826086044312,0.8104868531227112,0.8069212436676025,0.7939178943634033,0.7923381924629211
273,0.6002190709114075,,0.7851347327232361,,0.7569845914840698,,0.8051589727401733,0.7924289107322693,0.784579873085022,0.7968122959136963,0.7769598960876465
274,0.5902523398399353,,0.8198748230934143,,0.7897526621818542,,0.83220374584198,0.8277280926704407,0.7972093820571899,0.822283923625946,0.8450508713722229
275,0.5786496996879578,,0.8216652870178223,,0.7973044514656067,,0.84102863073349,0.8402284979820251,0.8331061601638794,0.831549346446991,0.8501978516578674
276,0.574544370174408,,0.8227207660675049,,0.7834464311599731,,0.8326069116592407,0.846907913684845,0.8535841703414917,0.8478841185569763,0.8265678882598877
277,0.6069955229759216,,0.80945885181427,,0.7917565703392029,,0.8421594500541687,0.8495036959648132,0.8562921285629272,0.8348706364631653,0.8277893662452698
278,0.5765023827552795,,0.8110280632972717,,0.7963122725486755,,0.8514655232429504,0.8264883756637573,0.8294988870620728,0.8458207845687866,0.8369295597076416
279,0.6112112998962402,,0.8398758172988892,,0.8377759456634521,,0.8615071773529053,0.8497720956802368,0.8379542827606201,0.8662800192832947,0.8581233620643616
280,0.5964200496673584,,0.7252309322357178,,0.736601710319519,,0.7654699087142944,0.7729204893112183,0.7749828100204468,0.7642300128936768,0.7746387720108032
281,0.6056787371635437,,0.7369216084480286,,0.7140649557113647,,0.7375789880752563,0.7781336903572083,0.7864474654197693,0.769352912902832,0.7747481465339661
282,0.6076164841651917,,0.7175982594490051,,0.7060247659683228,,0.7702589631080627,0.7484715580940247,0.7550308108329773,0.7322925925254822,0.7369176149368286
283,0.6162111759185791,,0.786069393157959,,0.7938959002494812,,0.8191907405853271,0.8004434108734131,0.8097005486488342,0.8225885629653931,0.8316227793693542
284,0.5138843059539795,,0.7806052565574646,,0.7873744964599609,,0.8022316098213196,0.8215965628623962,0.805075466632843,0.8209068775177002,0.8596141338348389
285,0.5842303037643433,,0.7357586026191711,,0.7407171726226807,,0.7733355760574341,0.7647019624710083,0.7821334600448608,0.7707918882369995,0.7496961951255798
286,0.5682502388954163,,0.7744315266609192,,0.7708333134651184,,0.7757209539413452,0.807198166847229,0.7953228950500488,0.7977047562599182,0.7855199575424194
287,0.5853487849235535,,0.8031619787216187,,0.7758922576904297,,0.7881081104278564,0.8019449710845947,0.7768100500106812,0.7997982501983643,0.7794250249862671
288,0.6089887619018555,,0.7564312815666199,,0.7629701495170593,,0.806679904460907,0.812192976474762,0.8237528204917908,0.8195872902870178,0.7944951057434082
289,0.668260395526886,,0.7910467386245728,,0.8184949159622192,,0.8220146298408508,0.7993656992912292,0.847629189491272,0.8188950419425964,0.8855905532836914
290,0.6119332909584045,,0.7853338718414307,,0.7826272249221802,,0.8030921816825867,0.8017226457595825,0.7804403305053711,0.7658504843711853,0.7971355319023132
291,0.5768753290176392,,0.7332420349121094,,0.7379274964332581,,0.7625875473022461,0.7671723365783691,0.796448290348053,0.7644678354263306,0.7148455381393433
292,0.5824231505393982,,0.727043628692627,,0.7351557016372681,,0.7458752393722534,0.7323691248893738,0.7525163888931274,0.7462455034255981,0.7443522810935974
293,0.600061297416687,,0.8192390203475952,,0.8072757720947266,,0.8477904200553894,0.8266716599464417,0.8295570015907288,0.8456839323043823,0.8584312200546265
294,0.5304128527641296,,0.7874463200569153,,0.7675321102142334,,0.7943541407585144,0.8081147074699402,0.7928283214569092,0.7972254753112793,0.8054446578025818
295,0.5586327910423279,,0.8777135610580444,,0.8286353945732117,,0.9118064641952516,0.8859707713127136,0.8851059675216675,0.9006685614585876,0.895697832107544
296,0.5576646327972412,,0.873324453830719,,0.8436808586120605,,0.896320104598999,0.9023149609565736,0.9051148295402528,0.8815439343452454,0.9032959938049316
297,0.5087453722953796,,0.8383820652961731,,0.8129724860191345,,0.8807190656661987,0.8613350987434387,0.8502753973007202,0.8605362176895142,0.8547342419624329
298,0.6008390784263611,,0.8622859120368958,,0.8512239456176758,,0.9096252918243408,0.8842300176620483,0.8808203935623169,0.9005486965179443,0.8578693270683289
299,0.553347110748291,,0.8296207189559937,,0.8260599374771118,,0.822736918926239,0.8678547143936157,0.8986532688140869,0.8166715502738953,0.7780961394309998
300,0.6087142825126648,,0.8335924744606018,,0.8330129384994507,,0.9174600839614868,0.9036426544189452,0.8830418586730957,0.9045752882957458,0.8916240334510803
301,0.5614988803863525,,0.8733712434768677,,0.8405827879905701,,0.9230427742004396,0.8819034695625305,0.8748627305030823,0.884607195854187,0.881558895111084
